Business_Name,Contact_Email,Industry,City,Phone
Corner Brook Dental,cornerbrookdental@nl.rogers.com,Dental,Corner Brook,+1 (709) 634-1234
Corner Brook Pet Clinic,pets@cornerbrookvet.ca,Veterinary,Corner Brook,+1 (709) 634-5678
Corner Brook Legal,legal@cornerbrook.ca,Legal,Corner Brook,+1 (709) 634-9012
Century 21 NL,century21@nl.rogers.com,Real Estate,Corner Brook,+1 (709) 634-3456
ABC HVAC Solutions,hvac@abcnl.ca,HVAC,Corner Brook,+1 (709) 634-7890
Corner Brook Construction,info@cbconstruction.ca,Construction,Corner Brook,+1 (709) 634-2345
Marble Mountain Resort,info@marblemountain.ca,Tourism,Corner Brook,+1 (709) 637-7600
Corner Brook Business Services,business@cornerbrookservices.ca,Business Services,Corner Brook,+1 (709) 634-1111
Newfoundland Hardwoods,info@nfhardwoods.ca,Manufacturing,Corner Brook,+1 (709) 634-2222
Corner Brook Accounting,accounting@cbaccounting.ca,Accounting,Corner Brook,+1 (709) 634-3333
Corner Brook Marketing,marketing@cbmktg.ca,Marketing,Corner Brook,+1 (709) 634-4444
Corner Brook Auto,auto@cbauto.ca,Automotive,Corner Brook,+1 (709) 634-5555
Corner Brook Pharmacy,pharmacy@cbpharmacy.ca,Healthcare,Corner Brook,+1 (709) 634-6666
Corner Brook Restaurant,info@cbrestaurant.ca,Restaurant,Corner Brook,+1 (709) 634-7777
Corner Brook Retail,retail@cbretail.ca,Retail,Corner Brook,+1 (709) 634-8888
Corner Brook Tech,tech@cbtech.ca,Technology,Corner Brook,+1 (709) 634-9999
Corner Brook Consulting,consulting@cbconsulting.ca,Consulting,Corner Brook,+1 (709) 634-0000
Corner Brook Insurance,insurance@cbinsurance.ca,Insurance,Corner Brook,+1 (709) 634-1212
Corner Brook Realty,realty@cbrealty.ca,Real Estate,Corner Brook,+1 (709) 634-1313
Corner Brook Services,services@cbservices.ca,General Services,Corner Brook,+1 (709) 634-1414

